Post,Date,Views,Replies,Upvotes
Gratuitous ARP Problem,03-06-2012,5763,9,0
Wildcard  3rd octet changes 4th is fi,05-17-2018,111,1,5
SG switches compared to Catalyst switch,05-16-2018,103,2,5
Switch Management Authentication,05-17-2018,72,1,5
Cant Install Cisco 2811 IoS Help ,05-15-2018,179,8,0
Memory leak on Catalyst 2960  2960S  ,05-07-2013,16196,31,5
Create a gratuitous arp reply,05-16-2018,124,5,0
Cisco 6807 Packet Per Second Calculatio,05-17-2018,104,0,0
Cisco 2960X with dot1x  PM3INTERNAL,08-31-2017,410,3,0
Dial Peer Setup for CME,05-16-2018,103,2,0
How to upgrade IOS on CBS31X0 stack swi,05-16-2018,78,1,0
PBR  keyword default,05-16-2018,118,1,0
Cisco 6807XL License Issue,05-16-2018,102,4,0
Suitable image for 385048 ports switch,05-16-2018,72,1,0
Cisco WSC2960G24TCL,05-16-2018,104,4,0
IOSXE spam hardware interface mac addr,05-14-2018,167,2,0
FEX offline,11-23-2014,304,6,0
QSFP28 100GBASELR4 1310nm 10km Transce,05-16-2018,63,2,0
policy based routing support ,05-16-2018,162,3,0
Reset my lab cisco router 2600 to facto,05-16-2018,75,1,0
Help with WOL,05-16-2018,101,0,0
Route map question,05-16-2018,143,3,0
Reset a 2960X to Factory,05-16-2018,202,2,0
Regex or grep to see IP prefix,05-15-2018,126,6,0
CDP Problem,05-15-2018,211,14,0
Howto Find Serial Number on 2nd Chassi,01-20-2015,4239,5,5
2960s Stack IOS Upgade  Reboot Loop,04-19-2018,154,3,0
How disable system message of Cisco Rou,04-11-2010,68656,5,25
Change Syslog Port on 3850,05-16-2018,77,0,0
RV320 Gateway to Gateway routing,05-04-2018,202,5,5
Cisco switch connect to TPLink with L2,05-16-2018,81,1,0
vpnv4 route advertisements,05-16-2018,81,7,0
Can I active ipservice license on this ,05-15-2018,84,2,0
NIC Teaming Switch Configuration,05-16-2018,129,5,10
Cisco IOS Image for 3650 switches,05-15-2018,142,6,15
subnetbased VLAN  topology attached,05-16-2018,137,6,0
Network monitoring,05-16-2018,72,1,0
configuring 3560 QoS,05-02-2018,195,11,10
ntp setup,05-16-2018,65,2,0
VTP Settings,05-15-2018,113,4,0
HAStacking on Cisco Nexus 306432T,10-21-2015,1594,5,0
WSC2960L24TSLL swich,05-15-2018,88,2,0
4500x support for GLCLHSMD DOM 10 Gb,05-11-2018,175,9,10
Disabling SSH Version 19 in 2960 switc,05-15-2018,75,1,0
What Cisco Router can limit concurrent ,06-16-2017,533,6,5
Troubleshooting  HTTPHTTPS not access,04-29-2018,395,29,10
LACP between Cisco and Huawei,06-08-2017,1158,4,0
3650 Switch Unknown Error,05-15-2018,78,4,0
cisco nexus 5596up and gre tunnels,05-15-2018,62,0,0
3850 switch giving bus error while tryi,08-12-2015,1735,7,5
Weird error when upgrading to 152E,05-25-2015,1140,8,0
Eigrp routing loop issue Nexus 7k,05-15-2018,89,1,0
Internet only routing solution,05-14-2018,115,11,0
WSC6513 bus error at PC 0x415D5FEC ad,05-14-2018,70,3,0
Routing issue in Nexus 7K,05-15-2018,87,0,0
Strange EIGRP Behavior,05-15-2018,116,4,0
Getting SSH error connection refused,03-05-2012,45112,10,15
Doubt about Stp,05-15-2018,150,6,10
how to configure multiple default gatew,05-15-2018,115,4,0
how to configure multiple default gatew,05-15-2018,58,1,0
PVST uplinkfast and dummy multicast fr,05-15-2018,88,0,0
CISCO Router NAT Public IP29 loopback,05-11-2018,233,16,5
Ping issue  ARP  Mac address table,08-23-2013,20631,14,15
SNMP TRAPS,05-15-2018,72,0,0
VLAN problem,05-14-2018,212,25,0
vPC peerlink w 10G copper,05-15-2018,92,1,0
Configure ME 3600x for LAN Client Inter,05-14-2018,80,1,0
SFP Problems  Light is going through ,05-08-2018,148,2,0
TCP Intercept command,05-15-2018,69,1,5
Cisco Catalyst 9000 range VSS Support,09-15-2017,7735,21,10
CISCO2921K9  2 modules SMES224P,05-15-2018,51,1,0
Nexus 7010 to Nexus 9508 ACL workaround,05-07-2018,86,4,5
Cisco C3750G Power On Failure,05-08-2018,110,2,0
Switch 3850 Main Board Hardware Authen,04-30-2018,275,10,0
cisco 3850 amber led,05-13-2018,158,9,5
