Post,Date,Views,Replies,Upvotes,Link,Resolved
zone based firewall,05-21-2018,103,0,0,https://supportforums.cisco.com//t5/lan-switching-and-routing/zone-based-firewall/td-p/3386713,0
IP Camera not working over wireless P2P,05-21-2018,96,2,0,https://supportforums.cisco.com//t5/lan-switching-and-routing/ip-camera-not-working-over-wireless-p2p-link/td-p/3386332,0
DNA,05-20-2018,112,1,0,https://supportforums.cisco.com//t5/lan-switching-and-routing/dna/td-p/3386075,0
CCIE RS,10-22-2015,183,6,0,https://supportforums.cisco.com//t5/lan-switching-and-routing/ccie-r-s/td-p/2725432,0
Cisco Catalyst 950040X Fans Included o,05-21-2018,105,3,0,https://supportforums.cisco.com//t5/lan-switching-and-routing/cisco-catalyst-9500-40x-fans-included-or-not/td-p/3386596,0
CPU,11-17-2017,272,7,0,https://supportforums.cisco.com//t5/lan-switching-and-routing/cpu/td-p/3218378,0
licence,12-22-2017,263,4,0,https://supportforums.cisco.com//t5/lan-switching-and-routing/licence/td-p/3300685,0
Connect VLANs from 2 switches via a rou,05-21-2018,154,12,0,https://supportforums.cisco.com//t5/lan-switching-and-routing/connect-vlans-from-2-switches-via-a-router/td-p/3386345,0
VLAN ADD,05-21-2018,110,1,0,https://supportforums.cisco.com//t5/lan-switching-and-routing/vlan-add/td-p/3386613,0
SFF84725THRESHOLDVIOLATION Gi02 ,05-21-2018,79,0,0,https://supportforums.cisco.com//t5/lan-switching-and-routing/sff8472-5-threshold-violation-gi0-2-rx-power-high-warning/td-p/3386534,0
Nexus 3000 firmware upgrade issue,04-23-2018,114,1,0,https://supportforums.cisco.com//t5/lan-switching-and-routing/nexus-3000-firmware-upgrade-issue/td-p/3371656,0
Nexus 3064 Firmware nxos703I46bin,05-18-2018,125,4,0,https://supportforums.cisco.com//t5/lan-switching-and-routing/nexus-3064-firmware-nxos-7-0-3-i4-6-bin/td-p/3385630,0
Switch voice and native VLAN configur,05-21-2018,104,2,5,https://supportforums.cisco.com//t5/lan-switching-and-routing/switch-voice-and-native-vlan-configure-switchports/td-p/3386336,0
Cat 6840X traffic shaping,05-21-2018,332,0,0,https://supportforums.cisco.com//t5/lan-switching-and-routing/cat-6840-x-traffic-shaping/td-p/3386487,0
Help on configuration of PBR on Cisco 3,02-03-2018,718,26,35,https://supportforums.cisco.com//t5/lan-switching-and-routing/help-on-configuration-of-pbr-on-cisco-3850-switch/td-p/3324761,1
